"conversation_id_str","created_at","favorite_count","full_text","id_str","image_url","in_reply_to_screen_name","lang","location","quote_count","reply_count","retweet_count","tweet_url","user_id_str","username"
"1772458999792668889","Tue Mar 26 03:02:10 +0000 2024","274","Waktu dpt rejection letter di satu uni di UK. Papa blg Tidak mudah utk menembus itu rasanya tenang bgt. Pas balik ke Jakarta papa blg nanti ambil aja yg lolos nak. Udah bagus itu. Pas alhamdulillah lolos di bbrp uni di UK aku gak bisa kasih tau papa krn papa udh gak ada. https://t.co/olknbqGrXn","1772458999792668889","https://pbs.twimg.com/ext_tw_video_thumb/1772458875561914368/pu/img/bAcmSH_-2AJJwLt9.jpg","","in","","7","2","15","https://twitter.com/busanonni/status/1772458999792668889","934597254324789249","busanonni"
"1774471350603952134","Sun Mar 31 16:18:32 +0000 2024","1552","230923 SMTOWN in JAKARTA #ÌÉúÏö© #AprilFoolsDay #ÎßåÏö∞Ï†à #NCT #NCT127 #NCTU #TAEYONG https://t.co/4LUNqQQdL5","1774471350603952134","https://pbs.twimg.com/media/GKAwRnAa8AA6pvw.jpg","","in","_shotaroo_ / LOGO CROP, 2Ï∞®Í∞ÄÍ≥µ X","20","0","693","https://twitter.com/NovBreeze1125/status/1774471350603952134","1589994125897891842","NovBreeze1125"
"1773245752170459149","Thu Mar 28 07:08:27 +0000 2024","5821","Ini harga TDS2 7Drean()scape di Jakarta setela pajak ya Dream A B and C: 3.852.000 Cat 1: 3.392.000 Cat 2: 2.932.000 Cat 3: 2.42.000 Cat 4: 2.011.500 Cat 5: 1.775.000 Cat 6: 1.207.000 https://t.co/KIeqcPtiut","1773245752170459149","https://pbs.twimg.com/media/GJvVm2BakAEtWKM.jpg","","in","loving jeno ","1378","161","2242","https://twitter.com/jenonoom/status/1773245752170459149","1741406757908561920","jenonoom"
"1772836901873127452","Wed Mar 27 04:03:49 +0000 2024","26434","Yaelah jakarta emg KAGA BISA BET DIPUJI LU YE https://t.co/ksp6IC7J7r","1772836901873127452","https://pbs.twimg.com/media/GJphwkCagAArEQM.jpg","","in","he/him","985","240","2767","https://twitter.com/pengwinningg/status/1772836901873127452","1125520077984419840","pengwinningg"
"1773662011546554408","Fri Mar 29 10:42:31 +0000 2024","1829","Polres Metro Jakarta Barat telah menangkap Michael Gomgom driver GrabCar yang melakukan pemerasan seorang penumpang wanita. Michael ditangkap di kawasan Cempaka Putih pada Kamis (28/3) malam. #newsupdate #update #news #videonews https://t.co/AiCnpPsN1i https://t.co/ugXD3u53MC","1773662011546554408","https://pbs.twimg.com/amplify_video_thumb/1773661856470818816/img/N_uEOZTX6WFGMsis.jpg","","in","","209","252","700","https://twitter.com/kumparan/status/1773662011546554408","759692754985242625","kumparan"
"1773654325685784619","Fri Mar 29 10:11:58 +0000 2024","6187","Ternyata lebih shock di bali dibanding jakarta ‚ÄºÔ∏è Source: pejuangkerja &amp; jodoh kamu A THREAD https://t.co/VWw0h5fKIq","1773654325685784619","https://pbs.twimg.com/media/GJ1JNJvakAAJEEc.jpg","","in","","164","208","672","https://twitter.com/ThreadReceh_/status/1773654325685784619","1763221837075640320","ThreadReceh_"
"1773248176771776876","Thu Mar 28 07:18:05 +0000 2024","94","Harga tiket TDS3 jakarta after Fee admin &amp; Tax: https://t.co/QMpuQoqdxK","1773248176771776876","https://pbs.twimg.com/media/GJvX0MoaIAAo66G.jpg","","in","","9","1","21","https://twitter.com/xxgnusijxx/status/1773248176771776876","1559863647546970112","xxgnusijxx"
"1773209048139149709","Thu Mar 28 04:42:36 +0000 2024","237","Yang mau freebies aku..ketemuan yok day2 #TREASURE_REBOOT_IN_JAKARTA #treasure treasure freebies https://t.co/GymtMeWu6N","1773209048139149709","https://pbs.twimg.com/media/GJu0OQqaEAA_Zz3.jpg","","in","California, korea ‚ù§","3","119","96","https://twitter.com/binijidi/status/1773209048139149709","1080842044283662337","binijidi"
"1773436433774317736","Thu Mar 28 19:46:09 +0000 2024","162","Curhat W ke internal usai dilecehkan ketua PSI Jakarta barat dapat info banyak korban bernasib serupa https://t.co/RH7Teo8OCA","1773436433774317736","https://pbs.twimg.com/ext_tw_video_thumb/1773436254111326208/pu/img/aUMD3dBdK0fZUS6N.jpg","","in","Ahokers ü§üü§üü§ü","6","11","54","https://twitter.com/akupadi5/status/1773436433774317736","1247512756925763589","akupadi5"
"1774459235382046878","Sun Mar 31 15:30:24 +0000 2024","1300","Bohonglah kalau gk lelah... Ini aja foto sdh 14 Thn. Ex Kontras PBHI LBH Jakarta jaringan HAM di era itu. Pasti msh ingat kt advokasi bareng.. 24 thn di dunia Pergerakan eneg juga lah.. gini2 aja republik. https://t.co/0gX0KgMSO9","1774459235382046878","https://pbs.twimg.com/media/GKAlRGXacAA-G_r.jpg","","in","","4","58","190","https://twitter.com/LexWu_13/status/1774459235382046878","1395171646151880706","LexWu_13"
"1773321385060045081","Thu Mar 28 12:08:59 +0000 2024","492","Di Halte BRT Cikoko udah gaada logo Jaklingko Sepertinya Jaklingko udah ga dipake sebagai branding integrasi moda transportasi di Jakarta. Sotoy nya gua sepertinya Jaklingko diarahkan sebagai pengelola pembayaran dan skema tarif integrasi transportasi Jakarta. https://t.co/NJM9lppJgI","1773321385060045081","https://pbs.twimg.com/media/GJwaYybakAEEF-z.jpg","","in","Jakarta, Indonesia","39","5","92","https://twitter.com/rikigusma/status/1773321385060045081","105432036","rikigusma"
"1772532811750101121","Tue Mar 26 07:55:29 +0000 2024","8771","Sukses Jakarta untuk Indonesia","1772532811750101121","","","in","","297","314","2629","https://twitter.com/salshaindr/status/1772532811750101121","72263782","salshaindr"
"1774622011433857273","Mon Apr 01 02:17:13 +0000 2024","105","[NEWS] 1.4.24 #LUCAS akan memulai penampilan di Jakarta pada 11 Mei untuk LUCAS Fancon Tour in Asia Fiat Lux: ÁÜô. Setelah debut solonya dia akan bertemu lebih dekat dengan penggemar global melalui penampilan solo pertamanya. https://t.co/Eu5nWs7kqC","1774622011433857273","https://pbs.twimg.com/media/GKC5T5xbQAETrap.jpg","","in","Indonesia","15","2","35","https://twitter.com/LucasWong_IDN/status/1774622011433857273","1485659815515160578","LucasWong_IDN"
"1774463191927644249","Sun Mar 31 15:46:07 +0000 2024","903","230923 SMTOWN Live in Jakarta #WENDY #Ïõ¨Îîî #RedVelvet #Î†àÎìúÎ≤®Î≤≥ #AprilFoolsDay #ÎßåÏö∞Ï†à https://t.co/Q7aFS330dm","1774463191927644249","https://pbs.twimg.com/ext_tw_video_thumb/1774463080271056896/pu/img/4fnoSxNIjI2z8L7N.jpg","","in","to the world","11","0","352","https://twitter.com/walk_onthemoon_/status/1774463191927644249","3623556259","walk_onthemoon_"
"1773338027672105386","Thu Mar 28 13:15:07 +0000 2024","8043","Saya yakin warga Jakarta tidak bego Mas. Tapi @KPU_ID dan @bawaslu_RI ini yang sudah sulit dipercaya. Ketua KPU Hasyim Asyari yang sudah jelas tidak kredibel dan profesional dengan disanksi peringatan keras terakhir beberapa kali tapi tidak juga dipecat. https://t.co/BHbOTG0ENf","1773338027672105386","https://pbs.twimg.com/media/GJwpiL9bUAAfC4w.jpg","","in","","40","122","2490","https://twitter.com/realfedinuril/status/1773338027672105386","37414097","realfedinuril"
"1774443261785985150","Sun Mar 31 14:26:55 +0000 2024","29","Rumah Super Mewah Helena Lim pelaku skandal mega korupsi 271 T yang terletak di Pantai Indah Kapuk Jakarta di penuhi dengan fasilitas bak hotel kelas bintang 5 https://t.co/6Gq9NskSZ6","1774443261785985150","https://pbs.twimg.com/ext_tw_video_thumb/1774443205985255424/pu/img/MMD5ucD50-gqCP-v.jpg","","in","Papua New Guinea","3","8","13","https://twitter.com/PuteraKonoha/status/1774443261785985150","1725353019058147328","PuteraKonoha"
"1773251150495580374","Thu Mar 28 07:29:54 +0000 2024","287","Pembahasan Terburu-buru dan Tak Libatkan Partisipasi Publik PKS Tolak RUU Daerah Khusus Jakarta‚ÄºÔ∏è #fraksipksdprri #PKSpembelaRakyat #PKSnomor8 https://t.co/mqFDL9yBKM","1773251150495580374","https://pbs.twimg.com/media/GJvagd4bsAAz4Cl.jpg","","in","Jakarta Capital Region","0","5","146","https://twitter.com/FPKSDPRRI/status/1773251150495580374","91255162","FPKSDPRRI"
"1773053453742309593","Wed Mar 27 18:24:19 +0000 2024","18955","Jakarta kena penyakit ain","1773053453742309593","","","in","","121","87","6550","https://twitter.com/sahid____/status/1773053453742309593","39136224","sahid____"
"1772985627031568894","Wed Mar 27 13:54:48 +0000 2024","1468","‚ÄºÔ∏èDua oknum petugas ekspedisi yang lempar dan tendang paket akhirnya klarifikasi minta maaf Mengakui video itu sebatas konten Minta maaf dan berharap bisa mengembalikan kepercayaan masyarakat Lokasi : Gudang paket di Jakarta Utara Sc ig jakut. info https://t.co/AgQhaZtZVS","1772985627031568894","https://pbs.twimg.com/ext_tw_video_thumb/1772985558492729344/pu/img/mJvBaBJPzsYCAnCF.jpg","","in","Indonesia","177","992","481","https://twitter.com/Little_secret9/status/1772985627031568894","1456771697504182274","Little_secret9"
"1774011132031988074","Sat Mar 30 09:49:48 +0000 2024","4377","Lagunya Don't Wanna Cry tapi yang langit Jakarta menangis.","1774011132031988074","","","in","","78","34","1066","https://twitter.com/mingdanmeng/status/1774011132031988074","1392515067057381388","mingdanmeng"
"1774085152500756975","Sat Mar 30 14:43:55 +0000 2024","39","Ni kalau di stel di masjid jakarta sana di kira saritilawah https://t.co/mwRu5OQvZ3","1774085152500756975","https://pbs.twimg.com/ext_tw_video_thumb/1774085085001875456/pu/img/RFPIrj8H4zAVmA4L.jpg","","in","DKI Jakarta, Indonesia","6","4","11","https://twitter.com/blantik_pedhet2/status/1774085152500756975","815290931003826176","blantik_pedhet2"
"1774387196751204562","Sun Mar 31 10:44:08 +0000 2024","13","Ready tangerang In/out tangerang jakarta Wa 085741184995 gio Ready bo https://t.co/hW8fgYMgKM","1774387196751204562","https://pbs.twimg.com/ext_tw_video_thumb/1774387182385659904/pu/img/6R6_QmcZL7-NXsU8.jpg","","in","bsd serpong tangerang selatan","0","0","15","https://twitter.com/MasgioTangerang/status/1774387196751204562","1763816600929734656","MasgioTangerang"
"1773301047995297952","Thu Mar 28 10:48:10 +0000 2024","191","Help RT/Like FREEBIES TREASURE RELAY TOUR REBOOT IN JAKARTA by @rupykun Ô∏è DAY 2 - 30 JUNI 2024 GBK INDONESIA ARENA 10.00 - 13.00 WIB LIMITED QUANTITY OPEN FOR TRADE See you soon Rencana mau buat versi Jeongwoo haruto jugaÔ∏è #TREASURE_REBOOT_IN_JAKARTA https://t.co/e36W92hxo9","1773301047995297952","https://pbs.twimg.com/media/GJwH56Pb0AEXeCX.jpg","","in","reboot","3","8","166","https://twitter.com/rupykun/status/1773301047995297952","1349916848582656005","rupykun"
"1774459890679062967","Sun Mar 31 15:33:00 +0000 2024","5982","230923 SMTOWN Live in Jakarta #GISELLE #ÏßÄÏ†§ #aespa #ÏóêÏä§Ìåå #AprilFoolsDay #ÎßåÏö∞Ï†à https://t.co/CetSUl6Umx","1774459890679062967","https://pbs.twimg.com/ext_tw_video_thumb/1774459634352533505/pu/img/3hPi_jwqxHT74nXS.jpg","","in","to the world","247","21","1961","https://twitter.com/walk_onthemoon_/status/1774459890679062967","3623556259","walk_onthemoon_"
"1772291186725634515","Mon Mar 25 15:55:21 +0000 2024","2798","Gempa megathrust sumbernya di bidang subduksi selatan Jawa khususnya yang dekat Jakarta adl wilayah megathrust selatan Jawa Barat - Selat Sunda. Jakarta dapat terdampak guncangan. https://t.co/ZmUs1Z1HRb","1772291186725634515","https://pbs.twimg.com/media/GJhwNz3bEAAGZoO.jpg","","in","Indonesia","30","39","531","https://twitter.com/zakiberkata/status/1772291186725634515","3165540462","zakiberkata"
"1773993046532931782","Sat Mar 30 08:37:56 +0000 2024","118","Engagement dengan vibes kemacetan dan polusi Jakarta cz why not?? #SuksesJakartaUntukIndonesia https://t.co/C7C9EF1OA7","1773993046532931782","https://pbs.twimg.com/media/GJ59Q7qb0AAZ2IZ.jpg","","in","Jakarta dan sekitarnya","4","17","14","https://twitter.com/I_deenn/status/1773993046532931782","1702255470726291456","I_deenn"
"1774323388192112837","Sun Mar 31 06:30:35 +0000 2024","48","jejer tiga. apa yang terlihat sama? sebelah kiri atas jakarta method kanan atas afro asian dan tengah bawah novel lebur setelah hancur . https://t.co/C8dhAyblpI","1774323388192112837","https://pbs.twimg.com/media/GJ-nwoIbIAE8Int.jpg","","in","Indonesia","7","1","6","https://twitter.com/BeriHanna/status/1774323388192112837","564586795","BeriHanna"
"1772890329135345885","Wed Mar 27 07:36:07 +0000 2024","873","Aksi bayaran 02 mulai rusuh kepada kita nyari masalah yg awal adem dia malah duluan #patung kuda jakarta https://t.co/fYwBJ549kY","1772890329135345885","https://pbs.twimg.com/ext_tw_video_thumb/1772890264706875392/pu/img/eclRJ4X3goo2ow-G.jpg","","in","","16","66","545","https://twitter.com/AbunawasReturn/status/1772890329135345885","1614451668170706944","AbunawasReturn"
"1773912006049120508","Sat Mar 30 03:15:54 +0000 2024","6024","lucu lagi wkwkwk https://t.co/o6uEDY6YyX","1773912006049120508","https://pbs.twimg.com/amplify_video_thumb/1773911947656019968/img/sEVZHKY4tNjWIkUP.jpg","","in","","101","154","1152","https://twitter.com/txtdrjkt/status/1773912006049120508","1252667805947723776","txtdrjkt"
"1773249997523300451","Thu Mar 28 07:25:19 +0000 2024","286","kita balas di soundcheck ty track in jakarta 2026‚ÄºÔ∏è","1773249997523300451","","","in","military wife","3","8","114","https://twitter.com/tictyonggf/status/1773249997523300451","1260849351976300545","tictyonggf"
"1772885566327026166","Wed Mar 27 07:17:12 +0000 2024","733","Bentrok 2 kelompok massa depan Patung Kuda Jakarta saat MK menggelar sidang sengketa Pilpres Rabu 27/3/2024. Pemilu ulang tanpa Gibran. https://t.co/b4B44iqhH2","1772885566327026166","https://pbs.twimg.com/ext_tw_video_thumb/1772885480713125888/pu/img/kc_Y3qmZhMC_H3o9.jpg","","in","Indonesia","8","50","417","https://twitter.com/yaniarsim/status/1772885566327026166","929287558281830400","yaniarsim"
"1772473142406963605","Tue Mar 26 03:58:22 +0000 2024","1577","owh ga cuma di manggarai aja ternyata https://t.co/pleKy5kpUU","1772473142406963605","https://pbs.twimg.com/ext_tw_video_thumb/1772189433514594304/pu/img/q0w6H5GPgYOZmMhA.jpg","","in","","46","84","275","https://twitter.com/txtdrjkt/status/1772473142406963605","1252667805947723776","txtdrjkt"
"1774468130968113382","Sun Mar 31 16:05:45 +0000 2024","601","230306 TDS2 in Jakarta #NAHYUCK #ÏûºÎèô #NCTDREAM #AprilFoolsDay #ÎßåÏö∞Ï†à https://t.co/gWJadSsuAA","1774468130968113382","https://pbs.twimg.com/ext_tw_video_thumb/1774468114291539968/pu/img/qUk1w9dRSKvkNVdM.jpg","","in","to the world","9","0","277","https://twitter.com/walk_onthemoon_/status/1774468130968113382","3623556259","walk_onthemoon_"
"1774623198627459343","Mon Apr 01 02:21:56 +0000 2024","8","Selamat siang Siang ininjam 12:00 Aurel include daerah Tebet Jakarta selatan Untuk include bisa yah st/lt masih ada jamkosong nya Ô∏è #availjaksel #AvailJakarta #availtebet #excludejakarta https://t.co/wsrEfGx9i1","1774623198627459343","https://pbs.twimg.com/media/GKC6ZBUbQAAvNrg.jpg","","in","DKI Jakarta, Indonesia","0","0","6","https://twitter.com/aurelllllsn/status/1774623198627459343","3308107680","aurelllllsn"
"1772918397249970343","Wed Mar 27 09:27:39 +0000 2024","434","Jakarta; 27 Maret 2024 Mobil Intel TNI habis Memantau Aksi Solidaritas Mahasiswa Papua Jadetabek depan Mabes TNI AD Jakarta Pusat. Dalam Aksi Mahasiswa mengencam Tindakan TNI Penganiayaan Terhadap 3 Warga di Intan Jaya Papua &amp; Mendesak @jokowi Copot Pangdam Cendrawasih https://t.co/ErUGCR7Ijl","1772918397249970343","https://pbs.twimg.com/ext_tw_video_thumb/1772917150602477568/pu/img/0yn5lsypAIFVdv8m.jpg","","in","West Papua","8","16","149","https://twitter.com/Mulalt_/status/1772918397249970343","1273894271179878400","Mulalt_"
"1774459427560858007","Sun Mar 31 15:31:10 +0000 2024","141","Jakarta BIN kali ini mungkin menjadi klub putri dengan lineup Libero terbaik di musim ini. Best Libero AVC Challenge Cup 2023 Yulis Indahyani (34 th) Juara Livoli Divisi Utama 2023 Nandita Ayu Salsabila (26 th) Juara Kapolri Cup 2023 Indah Guretno (19 th) #Proliga2024 https://t.co/cAoOSD4LoR","1774459427560858007","https://pbs.twimg.com/media/GKAlcg3b0AAwfKE.jpg","","in","Indonesia","6","15","20","https://twitter.com/volleyballidn/status/1774459427560858007","1649743417600266240","volleyballidn"
"1774171072923136085","Sat Mar 30 20:25:20 +0000 2024","18","Sampai jumpa lagi Kota yg indah dan nyaman. Ô∏è You Makassar See you soon Jakarta. https://t.co/0nqAWX20nG","1774171072923136085","https://pbs.twimg.com/media/GJ8fMCUbIAAV2Go.jpg","","in","","0","0","20","https://twitter.com/Celinamoe_/status/1774171072923136085","2909289816","Celinamoe_"
"1772277797353922907","Mon Mar 25 15:02:08 +0000 2024","16979","Terbiasa baca buku minimal 15 menit sehari. Boleh buku apa saja bisa di mana saja. Hari ini baca buku tentang: Ruang Limpah Sungai Jakarta. Teman-teman ada rekomendasi buku yg ok untuk #ngabuburead? https://t.co/5PDADZcF8O","1772277797353922907","https://pbs.twimg.com/amplify_video_thumb/1772277403257352192/img/zQEqEJ3mDpGUh_Wp.jpg","","in","Indonesia","287","476","3070","https://twitter.com/aniesbaswedan/status/1772277797353922907","110312278","aniesbaswedan"
"1774489821471457673","Sun Mar 31 17:31:56 +0000 2024","37","besok aku avail jakarta selatan ya https://t.co/FPIJW7WYcG","1774489821471457673","https://pbs.twimg.com/media/GKBBFhJaoAAfoG0.jpg","","in","","0","0","38","https://twitter.com/zzmeell1/status/1774489821471457673","1764994840448933888","zzmeell1"
"1773257722726584623","Thu Mar 28 07:56:01 +0000 2024","1014","Cara apply membership (GL) Pre-Sale &lt;THE DREAM SHOW 3 : DREAM ()SCAPE&gt; in Jakarta A theread Yang pertama kamu lakuin adalah beli membership dulu di weverse :","1773257722726584623","","","in","üáÆüá©üá∞üá∑","15","28","242","https://twitter.com/abcderinna/status/1773257722726584623","1041544720348897281","abcderinna"
"1774504258865602858","Sun Mar 31 18:29:18 +0000 2024","256","UNITY JAKARTA #YUTA #Ïú†ÌÉÄ #NCT127 #AprilFoolsDay https://t.co/1lzMXf88uC","1774504258865602858","https://pbs.twimg.com/ext_tw_video_thumb/1774504026006294528/pu/img/ZRGoCynbqBrEjrU_.jpg","","in","Indonesia üáÆüá©","1","0","108","https://twitter.com/ocy_wocy/status/1774504258865602858","894728291893915648","ocy_wocy"
"1773859199858200601","Fri Mar 29 23:46:04 +0000 2024","377","Syukuran follower karena naik 300 dr sblmnya. Maka ada 300k buat 6 org beruntung. Cukup reply jawaban: Jika disuruh milih kekuatan super milihnya kekuatan seperti apa? Knp pilih itu? Ditunggu sampai jam 15.00 diumumkan pas buka puasa waktu jakarta. Gudlak","1773859199858200601","","","in","Indonesia","6","521","170","https://twitter.com/liebhertttt/status/1773859199858200601","1752228047502344192","liebhertttt"
"1773244810180121039","Thu Mar 28 07:04:42 +0000 2024","9470","RESMI: DPR RI resmi mengesahkan RUU DKJ menjadi Undang-Undang. Gubernur &amp; wakil gubernur Jakarta tetap dipilih langsung oleh rakyat lewat pilkada. : Kompas https://t.co/uN9ojHuwvz","1773244810180121039","https://pbs.twimg.com/media/GJvUwN6a0AADPJ_.jpg","","in","Kutub Selatan","392","118","1353","https://twitter.com/timpenguinnas/status/1773244810180121039","1457753196269473793","timpenguinnas"
"1774601381418246286","Mon Apr 01 00:55:14 +0000 2024","25","Kejaksaan agung makin kece aja dalam memberantas para tikus tikus yang menggerogoti uang negara. Jakarta CNN Indonesia --Tim penyidik Jampindus kejaksaan agung menetapkan satu tersangka dalam perkara tindak korupsi pada kegiatan importasi gula PT SMIP pada 2020-2023 https://t.co/69SUFbDatq","1774601381418246286","https://pbs.twimg.com/media/GKCmiWSa0AEJNpL.jpg","","in","Di Jantungmu ","2","4","5","https://twitter.com/Putri_adja_/status/1774601381418246286","1469280329093373956","Putri_adja_"
"1774467555065024846","Sun Mar 31 16:03:27 +0000 2024","2036","hakim lemes salah hakim ngegas salah sehat sehat buron jakarta ","1774467555065024846","","","in","","25","74","152","https://twitter.com/seutaslara/status/1774467555065024846","1717503984011984896","seutaslara"
"1772275439316435051","Mon Mar 25 14:52:46 +0000 2024","505","Dah lama nih ngga bagi-bagi free wallpaper. Kebetulan akhir pekan kemarin sempet hunting di Jakarta pakai #GalaxyS24Ultra. Jadi silahkan download ya! Ô∏è Photo thread. https://t.co/VzfMN8sxHU","1772275439316435051","https://pbs.twimg.com/media/GJhjHnqbAAA-vBD.jpg","","in","Bandung, Indonesia","3","9","70","https://twitter.com/Madariyanhadi/status/1772275439316435051","69218314","Madariyanhadi"
"1773613014006013984","Fri Mar 29 07:27:49 +0000 2024","9830","tipsnya cuma harus pas lg sepi https://t.co/iMSDtYAC4V","1773613014006013984","https://pbs.twimg.com/amplify_video_thumb/1773612051564527616/img/Se71DPsWLD8DBc2o.jpg","","in","","158","160","1201","https://twitter.com/txtdrjkt/status/1773613014006013984","1252667805947723776","txtdrjkt"
"1774003582473572568","Sat Mar 30 09:19:48 +0000 2024","1228","CARA/TUTORIAL WAR DI APPLEWOOD Based on ticketing Ten in jakarta jadi cmiiw yaa! Untuk gambaran ticketing Baekhyun Lonsdaleite in Jakarta dan konser lain yang dibawa applewood A Thread https://t.co/4DsEKqobW1","1774003582473572568","https://pbs.twimg.com/media/GJ6G2iJb0AAwq8J.jpg","","in","","33","16","326","https://twitter.com/bloomydreamtix_/status/1774003582473572568","1764837489876054016","bloomydreamtix_"
"1773885137350275443","Sat Mar 30 01:29:08 +0000 2024","35","massage hanya jakarta area. O85945441999 #pijatjakarta #pijatjakartapusat https://t.co/QVQpkEYN7M","1773885137350275443","https://pbs.twimg.com/media/GJ4bIMUboAArOEp.jpg","","in","","0","0","57","https://twitter.com/rey_goen/status/1773885137350275443","1692539041785495552","rey_goen"
"1772830302538510360","Wed Mar 27 03:37:36 +0000 2024","2530","manifesting: TDS 3 JAKARTA HARGANYA KYK SMTOWN ","1772830302538510360","","","in","","64","48","818","https://twitter.com/caxysloaffff/status/1772830302538510360","1497537150640070656","caxysloaffff"
"1774632196621656149","Mon Apr 01 02:57:41 +0000 2024","0","Beberapa pasien Lansia yg berobat di RSUD Budhi Asih Jakarta Timur mengeluh krn NeurosambePlus dan Fitbon tdk diresepkan lagi ..... @jokowi @kemenkopmk @PerekonomianRI @BPJSKesehatanRI @KemenkesRI @YLKI_ID @PBIDI @RSUDBudhiAsih @WHOIndonesia","1774632196621656149","","","in","DKI Jakarta, Indonesia","0","0","0","https://twitter.com/infokespro/status/1774632196621656149","98528364","infokespro"
"1773317719292526774","Thu Mar 28 11:54:25 +0000 2024","6883","ditunggu launching di dufan https://t.co/wEwyY1F2WS","1773317719292526774","https://pbs.twimg.com/amplify_video_thumb/1773317585565794304/img/L5OIUx4LxkzJirtz.jpg","","in","","1332","1145","947","https://twitter.com/txtdrjkt/status/1773317719292526774","1252667805947723776","txtdrjkt"
"1773959848511881315","Sat Mar 30 06:26:01 +0000 2024","443","Ketua DPD PSI Jakarta Barat Pemerkosa https://t.co/83dw53KTCm","1773959848511881315","https://pbs.twimg.com/ext_tw_video_thumb/1773959792245248000/pu/img/tttyn8YCNxUtzvvo.jpg","","in","","20","50","290","https://twitter.com/cobeh2022/status/1773959848511881315","1603638553820684289","cobeh2022"
"1774173906196381985","Sun Mar 31 01:16:57 +0000 2024","42","@tempodotco Kejar sekalipun sudah disisi liang kubur.... Bawa balik ke Jakarta RBS... @JambinKejagung https://t.co/vrNKLlU3oF","1774244460144230608","https://pbs.twimg.com/media/GJ9h7wKbQAA-Pfa.jpg","tempodotco","in","Tebet, Indonesia","0","1","11","https://twitter.com/sumpanto/status/1774244460144230608","1605195051084435457","sumpanto"
"1773360661466108006","Thu Mar 28 14:45:03 +0000 2024","4736","Pengadilan Negeri Jakarta Pusat akhirnya memvonis bersalah tujuh mantan anggota Panitia Pemilihan Luar Negeri (PPLN) Kuala Lumpur Malaysia. Mereka terbukti memalsukan daftar pemilih tetap (DPT) Pemilihan Umum 2024. https://t.co/DNGmQszdId","1773360661466108006","https://pbs.twimg.com/ext_tw_video_thumb/1773360488442667008/pu/img/CA2OY4Cv5C0sb1D_.jpg","","in","","84","89","2019","https://twitter.com/EsTeh__28/status/1773360661466108006","1483011583152640000","EsTeh__28"
"1773025887195185532","Wed Mar 27 16:34:47 +0000 2024","246","Hadirilah.. Sidang sengketa Pemilu curang 2024 kamis 28 maret 2024 Pukul 07.00 -selesai Lokasi; area patung kuda monas jakarta pusat. https://t.co/8jqIiSGRSu","1773025887195185532","https://pbs.twimg.com/ext_tw_video_thumb/1773025863552102400/pu/img/U-NOV--3U11Buj5l.jpg","","in","","0","0","89","https://twitter.com/Humairah_922/status/1773025887195185532","1648528556480434177","Humairah_922"
"1773137157798158510","Wed Mar 27 23:56:56 +0000 2024","20","Ketua DPP PSI William Aditya Sarana mengatakan partainya membuka peluang untuk mengusung ketua umumnya Kaesang Pangarep menjadi Calon Gubernur (Cagub) DKI Jakarta dalam Pilkada 2024. | #PSI #PilkadaDKI2024 #KaesangPangarep https://t.co/IcCYpRz0mZ","1773137157798158510","https://pbs.twimg.com/media/GJtyNy7bwAAQWyv.jpg","","in","Jakarta","11","32","0","https://twitter.com/kompascom/status/1773137157798158510","23343960","kompascom"
"1774084080801661198","Sat Mar 30 14:39:40 +0000 2024","158","Kyuhyun's Restart Concert last stop is really Jakarta ^^ https://t.co/TUZRdNQ4L7","1774084080801661198","https://pbs.twimg.com/ext_tw_video_thumb/1774083878913015808/pu/img/NZUcEpjoOQWzK91O.jpg","","in","i don't even know ","8","0","49","https://twitter.com/jadeykyu/status/1774084080801661198","1016344863997026306","jadeykyu"
"1772750528159818155","Tue Mar 26 22:20:36 +0000 2024","1627","Sosok Anthony Norman Ketua PSI Jakarta Barat Diduga Rudapaksa Wanita di Rumahnya Modus Tawaran Kerja https://t.co/qXofIVzY0O","1772750528159818155","","","in","Indonesia","88","197","965","https://twitter.com/geloraco/status/1772750528159818155","3319260420","geloraco"
"1773871185241284779","Sat Mar 30 00:33:42 +0000 2024","56","RT &amp; LIKE are apreciated! ùêìùê´ùêûùêöùê¨ùêÆùê´ùêû ùêëùêûùê•ùêöùê≤ ùê≠ùê®ùêÆùê´ ùêëùêûùêõùê®ùê®ùê≠ ùê¢ùêß ùêâùêöùê§ùêöùê´ùê≠ùêö Freebies by @ReeStefanni (detail lengkap tentang tempat/waktu info menyusul) (LIMITED QUANTITY) *design sebenarnya tunggu info see u teume #TREASURE_REBOOT_IN_JAKARTA https://t.co/snc6N9opeZ","1773871185241284779","https://pbs.twimg.com/media/GJ4ObmobcAAQ_0f.jpg","","in","","1","3","52","https://twitter.com/ReeStefanni/status/1773871185241284779","1531443557420380160","ReeStefanni"
"1772792355990695972","Wed Mar 27 01:06:49 +0000 2024","95"," Pemprov DKI Jakarta anggarkan 6 3 M pembelian MoGe Listrik untuk kawal Gubenur Apanya yg mo dikawal? Lha wong Heru Budi itu kerjanya cuma tidur doang banjir dimana¬≤ cuma minta maaf dan rakyat suruh maklumi! Jokowi dan orang¬≤nya ini tiap hari kerjanya ngajak perang mollo! https://t.co/NjXpcGYbWr","1772792355990695972","https://pbs.twimg.com/ext_tw_video_thumb/1772791658536697856/pu/img/6J-LcKhp2bAyyNVa.jpg","","in","ü¶âü§ç","2","10","51","https://twitter.com/AnKiiim_/status/1772792355990695972","1603276472814567425","AnKiiim_"
"1772222628402487774","Mon Mar 25 11:22:55 +0000 2024","545","Jakarta kalau hujan lebih dari 4 jam lebih kita kewalahan mohon maaf dan harap dimaklumi ~ Heru Budi https://t.co/6uChFWt3sX","1772222628402487774","https://pbs.twimg.com/ext_tw_video_thumb/1772222564674555904/pu/img/MZNoQiVAYqZj4LOQ.jpg","","in","Jakarta Capital Region","34","225","196","https://twitter.com/Mdy_Asmara1701/status/1772222628402487774","1334853481019056128","Mdy_Asmara1701"
"1773646179294699758","Fri Mar 29 09:39:36 +0000 2024","1824","Udah bener kayak DKI Jakarta mau nikah wajib tes kesehatan dan kejiwaan (kedua calon) Ô∏è diberikan sertifikat layak kawin. Tes kesehatan umum termasuk tes darah untuk PMS Asesmen kejiwaan dasar Vaksin TT untuk perempuan KTP Jakarta gratis lainnya bayar. https://t.co/UGMQJmIDE3","1773646179294699758","https://pbs.twimg.com/media/GJ1ByyPaoAAHb2P.jpg","","in","Indonesia","75","43","523","https://twitter.com/mcitraningrum/status/1773646179294699758","69806285","mcitraningrum"
"1774435417007538549","Sun Mar 31 14:14:30 +0000 2024","54","@psi_id dua kasus yang tidak mau ditanggapi PSI 1. Pelecehan kadernya di Jakarta Barat 2. Korupsi Timah","1774440136060829905","","psi_id","in","Padang, Minangkabau","0","4","6","https://twitter.com/ajiiiikk/status/1774440136060829905","516483504","ajiiiikk"
"1773252136379236847","Thu Mar 28 07:33:49 +0000 2024","866","ty track in jakarta semoga promotor yg bawa lebih proper dan jauh lebih baik ","1773252136379236847","","","in","somewhere only we know","51","40","336","https://twitter.com/cestlavieunoia/status/1773252136379236847","394499332","cestlavieunoia"
"1773170024380829901","Thu Mar 28 02:07:32 +0000 2024","5712","LRT Jabodebek bukan programnya @aniesbaswedan tapi judul dan fotonya pake foto Pak Anies. Beritanya tanggal 27 maret 2024. . Media aja mau nyari klik tapi caranya dengan nyalahin anies baswedan. Kesian bener pak. https://t.co/aLTyLg0QKs","1773170024380829901","","","in","New York, NY","74","142","1174","https://twitter.com/AnggaPutraF/status/1773170024380829901","98275340","AnggaPutraF"
"1773617927507284182","Fri Mar 29 07:47:20 +0000 2024","64"," jakarta Barat Whatsaap : 082248297727 Line : neiisiaa https://t.co/vHO9JIL8GK","1773617927507284182","https://pbs.twimg.com/ext_tw_video_thumb/1773617889381433344/pu/img/7TDkMiJDwBywGgDk.jpg","","in","DKI Jakarta, Indonesia","0","6","7","https://twitter.com/TransXia/status/1773617927507284182","1464158397377433600","TransXia"
"1772868538199597297","Wed Mar 27 06:09:32 +0000 2024","191","Àö ö…ûÀö help rt &amp; like Àö ö…ûÀö TREASURE RELAY TOUR REBOOT IN JAKARTA Freebies by @jyhonie day 2 indonesia Arena GBK Senayan https://t.co/0cmqRxwUi9","1772868538199597297","https://pbs.twimg.com/media/GJp-iW1bAAAt1Y-.jpg","","in","Depok, Indonesia","3","11","174","https://twitter.com/jyhonie/status/1772868538199597297","1469694116992729090","jyhonie"
"1774488289627799967","Sun Mar 31 17:25:51 +0000 2024","27","Dosen Universitas Negeri Jakarta Ubedilah Badrun dan guru besar hukum Universitas Indonesia (UI) Sulistyowati Irianto mewakili 303 guru besar akademisi dan kalangan masyarakat sipil mengirimkan surat amicus curiae terkait sengketa Pilpres 2024 ke MK. https://t.co/bSsdjaknt9","1774488289627799967","","","in","Bandung, Jawa Barat","1","0","4","https://twitter.com/devy_casanofa/status/1774488289627799967","1576577082909691904","devy_casanofa"
"1772975160175259940","Wed Mar 27 13:13:13 +0000 2024","2658","minwon three tweets au caper ke pacar dengan cara centil from Hujan Jakarta dan Kita series https://t.co/8PCsd1CFe6","1772975160175259940","https://pbs.twimg.com/media/GJrfgH_bQAAb2lr.jpg","","in","RPS","9","3","355","https://twitter.com/eijullies/status/1772975160175259940","1539084539527454720","eijullies"
"1773660266401595641","Fri Mar 29 10:35:35 +0000 2024","282","FANCON RIIZE DI JAKARTA OT7 AAMIINNNN!!!","1773660266401595641","","","in","Copi.","15","3","94","https://twitter.com/wonbinsites/status/1773660266401595641","2487238801","wonbinsites"
"1773271334241309051","Thu Mar 28 08:50:06 +0000 2024","750","PSI to nominate Jokowi's son for Jakarta governor - Jakarta - The Jakarta Post #jakpost https://t.co/Y7JyIG9DRx https://t.co/V4wcNBuScK","1773271334241309051","https://pbs.twimg.com/media/GJvs4ZuWEAAU8xN.jpg","","in","Jakarta","3136","538","252","https://twitter.com/jakpost/status/1773271334241309051","68577507","jakpost"
"1773359239957758133","Thu Mar 28 14:39:24 +0000 2024","155","Nambah flyover atau JLNT ga bakalan bikin Jakarta lancar men. https://t.co/RaW9oRRans","1773359239957758133","https://pbs.twimg.com/media/GJw80pWWcAAwJet.jpg","","in","","1","2","62","https://twitter.com/id_curiocity/status/1773359239957758133","1484516879201075208","id_curiocity"
"1774330829570994664","Sun Mar 31 07:00:09 +0000 2024","59","Tinggal beberapa hari lagi mudik.. yang mau isi slot JAKARTA bisa di isi untuk sekarang.. #pijatsensual #massagevitalitas #availJakarta #massagepriajakarta #escortjakarta https://t.co/U12K5U2Nyq","1774330829570994664","https://pbs.twimg.com/ext_tw_video_thumb/1774330619226681344/pu/img/DqAKd6OvcrL9AzLI.jpg","","in","Jakarta Capital Region","0","1","11","https://twitter.com/lintangyusuf35/status/1774330829570994664","1697176758523723776","lintangyusuf35"
"1774130319555506431","Sat Mar 30 17:43:24 +0000 2024","633","Tiket Sleman Terjual Habis Surakarta Sold Out Away Jakarta Surabaya Tiket dibuka . Operator Memberhentikan Liga Seenaknya ","1774130319555506431","","","in","Kabupaten Magelang","10","12","226","https://twitter.com/Dhicry_27/status/1774130319555506431","979908115","Dhicry_27"
"1773596128086208998","Fri Mar 29 06:20:43 +0000 2024","1","[HELP RT - WTS] Yang udah punya THR monggo bisa langsung co phantasy part 3 sealed album nya. READY INA bisa kirim senin/selasa sama 4.4 yaaa terakhir sebelum lebaran dom Jakarta Selatan. https://t.co/zfFlTTdeeT tag : wts lfb theboyz phantasy part 3 sealed album","1773596128086208998","","","in","","0","0","21","https://twitter.com/hellodeobi/status/1773596128086208998","1277209995990364165","hellodeobi"
"1773286026426900585","Thu Mar 28 09:48:29 +0000 2024","231","ùìØùìªùìÆùìÆùì´ùì≤ùìÆùìº pocket mirror ngaca mulu?! udah cantik!! FOR TREASURE RELAY TOUR REBOOT IN JAKARTA DAY-2 ‚ÄºÔ∏è by @/wolfasyaa | @PJW_B00 How to get? Just say 'Hi Asya!' and you'll get it! Ô∏è 30 Juni 2024 INDONESIA ARENA GBK SENAYAN limited quantity. see you teume https://t.co/tAOmzcTHZS","1773286026426900585","https://pbs.twimg.com/media/GJv6PY-aUAAzo_B.jpg","","in","üáÆüá©","7","25","185","https://twitter.com/PJW_B00/status/1773286026426900585","1500542016995803138","PJW_B00"
"1773262461241643498","Thu Mar 28 08:14:51 +0000 2024","920","MENIFESTING DJJ FANCON JAKARTA DPT PROMOTOR YG BENER","1773262461241643498","","","in","jungp/johfam","72","26","358","https://twitter.com/sugaringcandyyz/status/1773262461241643498","1704289885560188928","sugaringcandyyz"
"1773358967512588307","Thu Mar 28 14:38:19 +0000 2024","226","Hai teman mutualku! please bantu RT / share ya thank u Open PO Keychain Treasure Bisa custom boygrup lain ya!! Keychain Cutie-Cam ver. Keychain: 22k/each Bisa DP &amp; pelunasan by shopee Jakarta Close 10 April 2024 https://t.co/X94fYTT2Ud","1773358967512588307","https://pbs.twimg.com/media/GJw8lIZWgAAVhQT.jpg","","in","","7","11","231","https://twitter.com/venusshereee/status/1773358967512588307","1646586299447648257","venusshereee"
"1773397002682073124","Thu Mar 28 17:09:28 +0000 2024","71","#REVIEWPENGEMBARA 13. Menyala di Jakarta: Ari Ô∏è‚Äç| Rating: ‚≠êÔ∏è‚≠êÔ∏è‚≠êÔ∏è‚≠êÔ∏è https://t.co/qZ2SeHdCKJ","1773397002682073124","https://pbs.twimg.com/media/GJxfJAjakAAUb10.jpg","","in","Jakarta Capital Region","2","4","9","https://twitter.com/namanyahandaru/status/1773397002682073124","1710908094740627456","namanyahandaru"
"1774329544062931072","Sun Mar 31 06:55:03 +0000 2024","14","Available area jakarta In out jakarta luar jakarta Call me 085316617988 #pijatjakarta #pijatsurabaya #pijatbandung #pijatsemarang Area JAKARTA https://t.co/ORESfw96v0","1774329544062931072","https://pbs.twimg.com/media/GJ-vUUca0AADGUw.jpg","","in","","0","0","14","https://twitter.com/TaraTa60452/status/1774329544062931072","1746838748799946752","TaraTa60452"
"1772956766302880116","Wed Mar 27 12:00:07 +0000 2024","5596","[PENGUMUMAN TERUPDATE SEATING MAP] Silahkan cek seating map terupdate kami dan jangan sampai ketinggalan untuk membeli tiket kamu tanggal 02 April nanti! 2024 BAEKHYUN ASIA TOUR [Lonsdaleite] IN JAKARTA 01 JUNI 2024 (SAB) 7PM (WIB) 02 JUNI 2024 (MIN) 7PM (WIB) ICE https://t.co/5SPY8qmoU2","1772956766302880116","https://pbs.twimg.com/media/GJrNqD4boAA8QFp.jpg","","in","","1690","451","2829","https://twitter.com/applewood_kr/status/1772956766302880116","968690272279252992","applewood_kr"
"1773686510363070860","Fri Mar 29 12:19:52 +0000 2024","98","Presiden @jokowi menggelar buka puasa bersama Menteri Kabinet Indonesia Maju di Istana Negara Jakarta Kamis (28/03/2024). Simak liputannya di #LensaKabinet berikut ini yuk! https://t.co/6d86TqhwSz","1773686510363070860","https://pbs.twimg.com/amplify_video_thumb/1773686425600602112/img/O_VdJ9h0lP1TtZNm.jpg","","in","Jakarta","2","20","12","https://twitter.com/setkabgoid/status/1773686510363070860","260686783","setkabgoid"
"1772217847969685514","Mon Mar 25 11:03:55 +0000 2024","15","Js Kebugaran _______BJ_______ _____B__2__B____ Crot bareng Vcs____________________Ô∏èÔ∏èÔ∏èÔ∏è Jakarta https://t.co/vgjQF06vYx","1772217847969685514","https://pbs.twimg.com/media/GJguvPlboAAMsj1.jpg","","in","Jakarta Selatan, DKI Jakarta","0","0","20","https://twitter.com/aloifg148/status/1772217847969685514","1696607742054805504","aloifg148"
"1772985223191376210","Wed Mar 27 13:53:12 +0000 2024","42","Dia semanis madu dia seindah senja dia setenang malam dan kini dia membuat duniaku penuh luka karena kenangan . Senja kali ini d kota jakarta.. https://t.co/jQrGIQbFZ7","1772985223191376210","https://pbs.twimg.com/ext_tw_video_thumb/1772985180824944640/pu/img/J8dPsQ2AsDA5dlZ-.jpg","","in","","0","4","3","https://twitter.com/Embunwardana/status/1772985223191376210","1312780175361273859","Embunwardana"
"1773170483581555199","Thu Mar 28 02:09:21 +0000 2024","3044","Kaesang Belum Cukup Umur Jadi Cagub DKI Jakarta Akankah Aturannya Diubah? https://t.co/G20LsTt0VJ","1773170483581555199","","","in","Indonesia","242","514","748","https://twitter.com/geloraco/status/1773170483581555199","3319260420","geloraco"
"1772425672314454486","Tue Mar 26 00:49:45 +0000 2024","8","*OPEN ORDER MAGAZINE CHANYEOL FOR OK* By @go_yeolkyung Paket A Rp121.220 paket B :* Rp 121.220 DP 100.000 paket C: Rp 227.440 DP 100.000 bersih ch include shipping close 20 April Tax Go Jakarta Utara https://t.co/JablkicYZh","1772425672314454486","https://pbs.twimg.com/media/GJjrwRxaEAARup2.jpg","","in","","2","2","28","https://twitter.com/rifdamariaulfa/status/1772425672314454486","2716601666","rifdamariaulfa"
"1774356637421285705","Sun Mar 31 08:42:42 +0000 2024","3843","tahun ini udah jadi belum buka puasa &amp; taraweh di Istiqlal? https://t.co/nt5FP5vLqm","1774356637421285705","https://pbs.twimg.com/media/GJ_H9A9bkAE_V5M.jpg","","in","","317","541","267","https://twitter.com/txtdrjkt/status/1774356637421285705","1252667805947723776","txtdrjkt"
"1772867303157436594","Wed Mar 27 06:04:38 +0000 2024","3267","Polisi mengamankan MI (18) Supir truk yang menjadi penyebab kecelakaan beruntun di Gerbang Tol Halim Utama Jakarta Timur. (Sopir truk) gak punya SIM Waaah niatnya emang mau kabur pantes ugal ugalan mana bawa muatannya serem banget https://t.co/7SzDBj4syu","1772867303157436594","https://pbs.twimg.com/ext_tw_video_thumb/1772867205061124096/pu/img/L6tNbKdHJ4U0ZgPK.jpg","","in","","393","221","1005","https://twitter.com/BolaBolaAja/status/1772867303157436594","1517456288154013698","BolaBolaAja"
"1773774021722849749","Fri Mar 29 18:07:36 +0000 2024","40","Veby Sudah Ready Jakarta Lagi Yaaa https://t.co/q3IcVuC1u9","1773774021722849749","https://pbs.twimg.com/ext_tw_video_thumb/1773773965598793729/pu/img/qBxnIOioRK232OaY.jpg","","in","Jakarta Capital Region","0","1","7","https://twitter.com/queenveby26/status/1773774021722849749","1744077303142096896","queenveby26"
"1772953772148260998","Wed Mar 27 11:48:13 +0000 2024","49","Jakarta keras bos Motor mau motong jalan naik ke trotoar aje harus bayar sama Akamsi TKP : Jembatan setelah DPR ke arah Palmerah https://t.co/6pSe6lDw7D","1772953772148260998","https://pbs.twimg.com/ext_tw_video_thumb/1772953601616551936/pu/img/lT1-6aykPqq93BOx.jpg","","in","Mampang Prapatan ","5","10","23","https://twitter.com/KepaArgawinata7/status/1772953772148260998","1712328551515709440","KepaArgawinata7"
"1772961394771513544","Wed Mar 27 12:18:31 +0000 2024","2800","Inilah kenapa transportasi umum massal di kota se-berdenyut Jakarta itu harus 24 jam. Jakarta udah ga jauh beda dgn NYC the city that NEVER sleeps. Transjabodetabek Damri sama Royaltrans potensial dibikin 24/7 loh asal ada niat dr pemerintah aja. Dibikin 24/7 pasti laku.","1772961394771513544","","","in","Tangerang","84","32","1232","https://twitter.com/jr205newlivery/status/1772961394771513544","1051654604008480768","jr205newlivery"
"1774142185384133001","Sat Mar 30 18:30:33 +0000 2024","140","Yasss UU DKJ udah sah! Gubernur dan wakil gubernur Jakarta masih bisa dipilih langsung sama kita! #TegakkanHukum #KPKRI #UndangUndang https://t.co/yyn6tN66Y6","1774142185384133001","https://pbs.twimg.com/ext_tw_video_thumb/1774141905351426048/pu/img/WYuJZTOkX0TFpJbr.jpg","","in","Bandung","0","99","32","https://twitter.com/OposisiLieur/status/1774142185384133001","113533520","OposisiLieur"
"1774596527010504784","Mon Apr 01 00:35:57 +0000 2024","17","Hari terakhir...... kangen indonesia Tomorrow #jakarta Ô∏èÔ∏èÔ∏è https://t.co/xE2b7koyBg","1774596527010504784","https://pbs.twimg.com/media/GKCiIv_aoAARQ29.jpg","","in","Singapore","0","0","24","https://twitter.com/CiCiLiyLiee/status/1774596527010504784","1764576283932164096","CiCiLiyLiee"
"1773267996091302164","Thu Mar 28 08:36:50 +0000 2024","1","-rl kalian lahir di jakarta bukan?","1773267996091302164","","","in","DKI Jakarta, Indonesia","62","298","0","https://twitter.com/ssefnum/status/1773267996091302164","1331620633726259200","ssefnum"
"1773235377731453339","Thu Mar 28 06:27:13 +0000 2024","13","Pakistan girl from jakarta https://t.co/bSmYyV4dQ9","1773235377731453339","https://pbs.twimg.com/media/GJvMLWNbwAAjdXb.jpg","","in","","0","0","4","https://twitter.com/BoneJamess71925/status/1773235377731453339","1725886492651008000","BoneJamess71925"
"1772607184741744859","Tue Mar 26 12:51:00 +0000 2024","30","Massge in/Outcall Vcs Jakarta dan luar kota. #pijatpanggilan #pijatjakarta #pijatbogor #pijatdepok #pijatpria #pijatvitalitas #massagefullbody Wa: 087772040750 https://t.co/tmk5dRVt9l","1772607184741744859","https://pbs.twimg.com/media/GJmQ1UlbsAAMluN.jpg","","in","DKI Jakarta, Indonesia","0","1","37","https://twitter.com/fahri_m559e/status/1772607184741744859","1716148694888906752","fahri_m559e"
"1774606409877094544","Mon Apr 01 01:15:13 +0000 2024","11","Selamat pagi https://t.co/y1kkVbO86O","1774606409877094544","https://pbs.twimg.com/media/GKCrHn4aUAE9HAu.jpg","","in","Amerika","0","0","14","https://twitter.com/shellen_shell98/status/1774606409877094544","1676663486951362561","shellen_shell98"
"1774478989664620949","Sun Mar 31 16:48:54 +0000 2024","70","Kaesang Belum Cukup Umur Jadi Cagub DKI Jakarta Akankah Aturannya Diubah? Mendingan Langsung Lantik Saja. Daripada Nanti Makan Bansos Lagi Bertrilyun-trilyun.. https://t.co/9MxZN2WtpF","1774478989664620949","","","in","Jakarta","2","4","31","https://twitter.com/Kanseulir/status/1774478989664620949","279312062","Kanseulir"
"1774614239094903247","Mon Apr 01 01:46:19 +0000 2024","23","Kritisi UU DKJ HNW: Berdasarkan Konstitusi UU DKJ Tak Berikan Keadilan bagi Jakarta Dibanding Daerah Khusus Lain https://t.co/tf7KqT7UYl via @FPKSDPRRI | @hn","1774614239094903247","","","in","Jakarta Capital Region","0","0","12","https://twitter.com/FPKSDPRRI/status/1774614239094903247","91255162","FPKSDPRRI"
